,roc,AP
shared-by-all,0.9693320851154453,0.9570811466281302
shared-by-final,0.9620222162785093,0.9398992394843944
all,0.8922868059842218,0.795492656173803
