,roc,AP
shared-by-all,0.8608791610436348,0.8358554772795729
shared-by-final,0.8687702243221452,0.8060750969962092
all,0.7334471953283456,0.648554665462149
