,roc,AP,specificity,sensitivity
IPSINVHHY,0.7608447488584476,0.17018468390976535,0.5114155251141552,0.9166666666666666
AVFDRKSDAK,0.5974747474747475,0.027819380760180198,0.6181818181818182,0.6666666666666666
GILGFVFTL,0.8437049062049062,0.6657783833720217,0.9191919191919192,0.6964285714285714
NLVPMVATV,0.4712121212121212,0.02048217612657669,0.5272727272727272,0.4444444444444444
IVTDFSVIK,0.5263761467889908,0.03312612202734001,0.45642201834862384,0.6666666666666666
RAKFKQLL,0.7476075731497418,0.21222073825790075,0.6819277108433734,0.7428571428571429
GLCTLVAML,0.5369532428355958,0.030165850615452176,0.8778280542986425,0.5
ELAGIGILTV,0.8238005102460704,0.3700932691723099,0.8926014319809069,0.6206896551724138
KLGGALQAK,0.6765924601884952,0.709931599374281,0.6353591160220995,0.6544117647058824
