,roc,AP,specificity,sensitivity
IPSINVHHY,0.9621112282551397,0.732569734820659,0.9428044280442804,0.9285714285714286
AVFDRKSDAK,0.7437116260645672,0.20257464401018926,0.6595365418894831,0.6666666666666666
GILGFVFTL,0.9375619016176956,0.911699529829746,0.9699570815450643,0.875
NLVPMVATV,0.9308558558558558,0.5509389260840659,0.918918918918919,0.9375
IVTDFSVIK,0.812972972972973,0.472192224095017,0.8666666666666667,0.7333333333333333
RAKFKQLL,0.8635057471264367,0.6253565348587137,0.9195402298850575,0.6875
GLCTLVAML,0.9185233371279884,0.4384259046189814,0.8121645796064401,0.9090909090909091
ELAGIGILTV,0.9241506788195553,0.6428722199937716,0.8927911275415896,0.8620689655172413
KLGGALQAK,0.8573023506895028,0.8170384497652114,0.7112676056338029,0.8571428571428571
