,roc,AP,specificity,sensitivity
IPSINVHHY,0.5494944553163731,0.04838771261189972,0.867579908675799,0.35714285714285715
AVFDRKSDAK,0.4082094376212023,0.014808966554513586,0.6199095022624435,0.42857142857142855
GILGFVFTL,0.8222689075630253,0.5806044851624467,0.8337662337662337,0.7205882352941176
NLVPMVATV,0.573202192841019,0.09435839015636671,0.8103837471783296,0.42857142857142855
IVTDFSVIK,0.5517762660619803,0.030246088536754152,0.7097505668934241,0.4444444444444444
RAKFKQLL,0.7218517478590482,0.2903936422197902,0.6873508353221957,0.6764705882352942
GLCTLVAML,0.4697398190045249,0.01895819792665924,0.5656108597285068,0.375
ELAGIGILTV,0.8797930098405158,0.4676770680495973,0.9263657957244655,0.8214285714285714
KLGGALQAK,0.7334162520729686,0.7443902748761948,0.6296296296296297,0.7947761194029851
