,roc,AP
shared-by-all,0.8883139359962348,0.8607297917011683
shared-by-final,0.8545436170342398,0.7611380455878022
all,0.6628448870122242,0.5637511858429872
