,roc,AP,specificity,sensitivity
LLWNGPMAV,0.9024390243902439,0.7906346698238349,0.9,0.8292682926829268
RPRGEVRFL,0.9758663366336634,0.7604482323232323,0.8613861386138614,1.0
RYPLTFGWCF,0.9581320450885669,0.42592592592592593,0.8840579710144928,1.0
NLVPMVATV,0.8261510128913444,0.39538671370087136,0.7790055248618785,0.7666666666666667
GILGFVFTL,0.8910658307210031,0.832567904445907,0.8766233766233766,0.8275862068965517
GLCTLVAML,0.935042735042735,0.7059454140873155,0.9435897435897436,0.8666666666666667
CINGVCWTV,0.9585396039603961,0.5907407407407408,0.8415841584158416,1.0
ELAGIGILTV,0.8926829268292683,0.34153537225826386,0.9414634146341463,0.8
KAFSPEVIPMF,0.9903846153846154,0.45,0.9855769230769231,1.0
IVTDFSVIK,0.985576923076923,0.39285714285714285,0.9759615384615384,1.0
KLVALGINAV,0.8837535014005602,0.2802873933242438,0.8284313725490197,0.8571428571428571
PKYVKQNTLKLAT,0.7621393384940183,0.08718808831190851,0.7438423645320197,0.8571428571428571
