,roc,AP,specificity,sensitivity
LLWNGPMAV,0.9468957098011859,0.9075401860809195,0.9508196721311475,0.9361702127659575
RPRGEVRFL,1.0,1.0,1.0,1.0
RYPLTFGWCF,0.7824074074074074,0.35238218094255247,0.7604166666666666,0.6666666666666666
NLVPMVATV,0.9438997821350762,0.8560141168551851,0.9882352941176471,0.8888888888888888
GILGFVFTL,0.961977383546011,0.9317833178756817,0.9470899470899471,0.9019607843137255
GLCTLVAML,0.9957910014513788,0.9671564305259956,0.9471698113207547,1.0
CINGVCWTV,0.9368374558303887,0.5975655761862658,0.9222614840989399,0.875
AVFDRKSDAK,1.0,1.0,1.0,1.0
KAFSPEVIPMF,1.0,1.0,1.0,1.0
IVTDFSVIK,0.8598615916955017,0.5120481927710844,1.0,0.5
KLVALGINAV,0.9245472837022133,0.5754225932797361,0.8732394366197183,0.8571428571428571
PKYVKQNTLKLAT,0.8928571428571429,0.10953178727265106,0.8309859154929577,1.0
ELAGIGILTV,0.939766081871345,0.529030910609858,0.9122807017543859,0.8333333333333334
