,roc,AP
shared-by-all,0.9143498953553891,0.9348474869879124
shared-by-final,0.9730545753519317,0.9552578880017476
