,roc,AP
all,0.9661228796814615,0.9033144834459725
shared-by-all,0.949091348811498,0.9541073691250934
shared-by-final,0.9667078653627522,0.942292656687988
public-key,0.9791804816554961,0.9277838401570564
