,roc,AP
shared-by-all,0.8588949102647734,0.8697385528808169
shared-by-final,0.8515622775843049,0.7779032722912518
