,roc,AP
shared-by-all,0.9298850728122174,0.9311382787717021
shared-by-final,0.9230021440040007,0.8855805769007098
all,0.9251390653277282,0.7700995276578003
