,roc,AP,specificity,sensitivity
LLWNGPMAV,0.8548770816812055,0.798022097610643,0.9948453608247423,0.7692307692307693
RPRGEVRFL,0.9642857142857142,0.6246498599439776,0.8254716981132075,1.0
RYPLTFGWCF,0.7854938271604938,0.35930223379903703,0.7546296296296297,0.6666666666666666
NLVPMVATV,0.936621021465581,0.8662031774446055,0.9378238341968912,0.8571428571428571
GILGFVFTL,0.9034992784992785,0.8409534437580635,0.9097222222222222,0.8051948051948052
GLCTLVAML,0.7838584853510226,0.6053438981693312,0.7810945273631841,0.7777777777777778
CINGVCWTV,0.9152843601895735,0.4777311040463931,0.7393364928909952,1.0
ELAGIGILTV,0.8753488372093022,0.24140026640026638,0.8325581395348837,0.8
KAFSPEVIPMF,1.0,1.0,1.0,1.0
IVTDFSVIK,0.8133640552995391,0.049999999999999996,0.9400921658986175,0.5
KLVALGINAV,0.8059299191374663,0.38179739142072566,0.7594339622641509,0.7142857142857143
PKYVKQNTLKLAT,0.6794097920858484,0.07306485685977979,0.6713615023474179,0.7142857142857143
